{
 "templeR0013": [
  [
   0.9999999901362936,
   0.00011849232173884213,
   7.541208463827205e-05,
   9.058353702604278e-06
  ],
  [
   -0.00011849618614425935,
   0.9999999916664841,
   5.124144335536672e-05,
   1.6990464494064712e-06
  ],
  [
   -7.540601229223188e-05,
   -5.125037889435488e-05,
   0.999999995843666,
   -3.416472190723046e-06
  ]
 ],
 "templeR0042": [
  [
   -0.9998714108040733,
   -0.01097552821051042,
   0.011691862006218214,
   0.047144609919557275
  ],
  [
   0.011845536109684803,
   -0.9969495369518273,
   0.07714469551311469,
   -0.9975636622246303
  ],
  [
   0.010809492631308485,
   0.07727327191233276,
   0.9969513510282324,
   0.05146928061445118
  ]
 ],
 "templeR0044": [
  [
   -0.9987577997314175,
   -0.04958563273886029,
   0.0049114663334472895,
   0.1145857274359539
  ],
  [
   0.04708431923638214,
   -0.9069040047362681,
   0.41869821241004324,
   -4.4522531239274885
  ],
  [
   -0.01630718730205101,
   0.4184093584268952,
   0.9081121540994207,
   0.8773849748679518
  ]
 ],
 "templeR0032": [
  [
   -0.922695574317961,
   -0.3083829656557809,
   -0.23137161370270448,
   2.3866902716785208
  ],
  [
   0.08053050163277026,
   -0.7410694185026809,
   0.6665815443491312,
   -7.008116817329986
  ],
  [
   -0.3770248207224856,
   0.5964193687779127,
   0.7086157076340706,
   2.164255277895252
  ]
 ],
 "templeR0034": [
  [
   -0.9207261371732695,
   -0.3477409278390401,
   -0.17703001844781374,
   1.8241411227963207
  ],
  [
   0.09302018963635703,
   -0.6361998759949721,
   0.7658961823276038,
   -8.0454650723095
  ],
  [
   -0.3789599248548663,
   0.6887132675429053,
   0.6181127813468739,
   3.1572171037542747
  ]
 ],
 "templeR0036": [
  [
   -0.9474830204873786,
   -0.3114715753211304,
   -0.07253539587737161,
   0.7884566419357502
  ],
  [
   0.10627493302116033,
   -0.5205739648734741,
   0.847176714568607,
   -8.928634701467816
  ],
  [
   -0.301631504487614,
   0.7949768580675066,
   0.5263366134306583,
   4.409988102230532
  ]
 ],
 "templeR0038": [
  [
   -0.9555116733572846,
   -0.2945558269954561,
   0.015307085319704289,
   -0.09558647026098022
  ],
  [
   0.1016242399874435,
   -0.2800526824651631,
   0.954590492772184,
   -10.013013414768478
  ],
  [
   -0.2768934017360044,
   0.9136779300317424,
   0.2975276193027706,
   6.894762633716953
  ]
 ],
 "templeR0015": [
  [
   0.9992689896472702,
   -0.03741179469342741,
   -0.007864092264247639,
   0.07609874816274927
  ],
  [
   0.03796032168677034,
   0.9466521312992368,
   0.3200136814013571,
   -3.263749935453833
  ],
  [
   -0.004527726444991606,
   -0.32007827155936286,
   0.9473802825522653,
   0.47546057501431355
  ]
 ],
 "templeR0017": [
  [
   0.9966749710487943,
   -0.07598590870788004,
   -0.029413326277772663,
   0.291684472553738
  ],
  [
   0.07890792063928685,
   0.8101421689062083,
   0.5808986195717191,
   -5.944390758753938
  ],
  [
   -0.020311133529889468,
   -0.5812880592595916,
   0.8134443127940281,
   1.8089628836649252
  ]
 ],
 "templeR0019": [
  [
   0.9887021600556464,
   -0.14891365787322355,
   -0.01711026592767067,
   0.18422758827473343
  ],
  [
   0.10700049999658182,
   0.6212262085868382,
   0.7762917562136699,
   -7.9656952688482425
  ],
  [
   -0.10497109936444687,
   -0.769352143211182,
   0.6301415301617412,
   3.6030867788393346
  ]
 ],
 "templeR0021": [
  [
   0.9869837871942868,
   -0.1400632782567506,
   -0.0790270959835606,
   0.8000479553750767
  ],
  [
   0.12766588897414557,
   0.383554594073751,
   0.9146514604795433,
   -9.407319897359745
  ],
  [
   -0.09779787629628765,
   -0.9128352268886715,
   0.39644346878595926,
   6.005663152682134
  ]
 ]
}